-- phpMyAdmin SQL Dump
-- version 5.2.1
-- https://www.phpmyadmin.net/
--
-- Host: localhost
-- Generation Time: May 28, 2025 at 03:23 PM
-- Server version: 10.4.28-MariaDB
-- PHP Version: 8.2.4

SET SQL_MODE = "NO_AUTO_VALUE_ON_ZERO";
START TRANSACTION;
SET time_zone = "+00:00";


/*!40101 SET @OLD_CHARACTER_SET_CLIENT=@@CHARACTER_SET_CLIENT */;
/*!40101 SET @OLD_CHARACTER_SET_RESULTS=@@CHARACTER_SET_RESULTS */;
/*!40101 SET @OLD_COLLATION_CONNECTION=@@COLLATION_CONNECTION */;
/*!40101 SET NAMES utf8mb4 */;

--
-- Database: `React_app`
--

-- --------------------------------------------------------

--
-- Table structure for table `comments`
--

CREATE TABLE `comments` (
  `id` int(11) NOT NULL,
  `news_id` int(11) DEFAULT NULL,
  `match_id` int(11) DEFAULT NULL,
  `content` text DEFAULT NULL,
  `publish_date` datetime DEFAULT current_timestamp(),
  `likes` int(11) DEFAULT 0,
  `dislikes` int(11) DEFAULT 0,
  `user_id` int(11) DEFAULT NULL,
  `freelancer_id` int(11) DEFAULT NULL
) ENGINE=InnoDB DEFAULT CHARSET=utf8mb4 COLLATE=utf8mb4_unicode_ci;

--
-- Dumping data for table `comments`
--

INSERT INTO `comments` (`id`, `news_id`, `match_id`, `content`, `publish_date`, `likes`, `dislikes`, `user_id`, `freelancer_id`) VALUES
(385, NULL, NULL, ' афів', '2025-05-28 14:30:56', 0, 0, 66, 3),
(386, NULL, NULL, ' аіфв', '2025-05-28 14:30:59', 0, 0, 66, 3);

-- --------------------------------------------------------

--
-- Table structure for table `freelancers`
--

CREATE TABLE `freelancers` (
  `id` int(11) NOT NULL,
  `user_id` int(11) NOT NULL,
  `title` varchar(255) NOT NULL,
  `description` text DEFAULT NULL,
  `hourly_rate` decimal(10,2) DEFAULT NULL,
  `category` enum('development','design','marketing','writing','other') DEFAULT 'other',
  `completed_projects` int(11) DEFAULT 0,
  `rating` decimal(3,2) DEFAULT 0.00,
  `total_reviews` int(11) DEFAULT 0,
  `location` varchar(255) DEFAULT NULL,
  `is_available` tinyint(1) DEFAULT 1,
  `created_at` timestamp NOT NULL DEFAULT current_timestamp(),
  `updated_at` timestamp NOT NULL DEFAULT current_timestamp() ON UPDATE current_timestamp()
) ENGINE=InnoDB DEFAULT CHARSET=utf8mb4 COLLATE=utf8mb4_unicode_ci;

--
-- Dumping data for table `freelancers`
--

INSERT INTO `freelancers` (`id`, `user_id`, `title`, `description`, `hourly_rate`, `category`, `completed_projects`, `rating`, `total_reviews`, `location`, `is_available`, `created_at`, `updated_at`) VALUES
(1, 66, 'Full Stack Developer', 'Розробник з 5-річним досвідом створення веб-додатків. Спеціалізуюсь на MERN stack.', 35.00, 'development', 45, 4.80, 0, 'Київ, Україна', 1, '2025-05-28 10:31:58', '2025-05-28 10:31:58'),
(2, 67, 'UI/UX Designer', 'Дизайнер з креативним підходом та увагою до деталей. Створюю інтуїтивні інтерфейси.', 40.00, 'design', 38, 4.90, 0, 'Львів, Україна', 1, '2025-05-28 10:31:58', '2025-05-28 10:31:58'),
(3, 68, 'Digital Marketing Specialist', 'Експерт з цифрового маркетингу з досвідом роботи з великими брендами.', 30.00, 'marketing', 52, 4.70, 0, 'Харків, Україна', 1, '2025-05-28 10:31:58', '2025-05-28 10:31:58');

-- --------------------------------------------------------

--
-- Table structure for table `freelancer_reviews`
--

CREATE TABLE `freelancer_reviews` (
  `id` int(11) NOT NULL,
  `freelancer_id` int(11) NOT NULL,
  `client_id` int(11) NOT NULL,
  `rating` int(1) NOT NULL CHECK (`rating` >= 1 and `rating` <= 5),
  `comment` text DEFAULT NULL,
  `created_at` timestamp NOT NULL DEFAULT current_timestamp()
) ENGINE=InnoDB DEFAULT CHARSET=utf8mb4 COLLATE=utf8mb4_unicode_ci;

--
-- Triggers `freelancer_reviews`
--
DELIMITER $$
CREATE TRIGGER `update_freelancer_rating` AFTER INSERT ON `freelancer_reviews` FOR EACH ROW BEGIN
    UPDATE freelancers 
    SET rating = (
        SELECT AVG(rating) 
        FROM freelancer_reviews 
        WHERE freelancer_id = NEW.freelancer_id
    ),
    total_reviews = (
        SELECT COUNT(*) 
        FROM freelancer_reviews 
        WHERE freelancer_id = NEW.freelancer_id
    )
    WHERE id = NEW.freelancer_id;
END
$$
DELIMITER ;

-- --------------------------------------------------------

--
-- Table structure for table `freelancer_skills`
--

CREATE TABLE `freelancer_skills` (
  `freelancer_id` int(11) NOT NULL,
  `skill_id` int(11) NOT NULL
) ENGINE=InnoDB DEFAULT CHARSET=utf8mb4 COLLATE=utf8mb4_unicode_ci;

--
-- Dumping data for table `freelancer_skills`
--

INSERT INTO `freelancer_skills` (`freelancer_id`, `skill_id`) VALUES
(1, 6),
(1, 7),
(1, 8),
(1, 11),
(1, 12),
(1, 13),
(2, 1),
(2, 2),
(2, 3),
(2, 4),
(2, 5),
(2, 49),
(2, 50),
(2, 51),
(2, 52),
(3, 14),
(3, 15),
(3, 16),
(3, 17),
(3, 18),
(3, 53),
(3, 55);

-- --------------------------------------------------------

--
-- Table structure for table `news`
--

CREATE TABLE `news` (
  `id` int(11) NOT NULL,
  `title` varchar(255) NOT NULL,
  `author` varchar(70) DEFAULT NULL,
  `publish_date` datetime DEFAULT current_timestamp(),
  `status` enum('draft','published','archived') DEFAULT 'draft',
  `views` int(11) DEFAULT 0,
  `likes` int(11) DEFAULT 0,
  `image_url` varchar(255) DEFAULT NULL,
  `updated_at` timestamp NOT NULL DEFAULT current_timestamp() ON UPDATE current_timestamp(),
  `description` varchar(100) NOT NULL,
  `content` longtext CHARACTER SET utf8mb4 COLLATE utf8mb4_bin DEFAULT NULL CHECK (json_valid(`content`)),
  `messages` int(11) DEFAULT 0
) ENGINE=InnoDB DEFAULT CHARSET=utf8mb4 COLLATE=utf8mb4_general_ci;

--
-- Dumping data for table `news`
--

INSERT INTO `news` (`id`, `title`, `author`, `publish_date`, `status`, `views`, `likes`, `image_url`, `updated_at`, `description`, `content`, `messages`) VALUES
(37, 'BLAST розслідує порушення правил командою Astralis', 'Sport.ua', '2024-10-16 12:00:00', 'published', 174, 0, 'https://pic.sport.ua/images/news/0/17/130/orig_706015.jpg', '2025-05-28 13:11:19', 'Скандал через можливі порушення правил турніру командою Astralis. Можливі серйозні наслідки.', '{\n    \"questions\": [\n        {\n            \"question\": \"Які ваші думки щодо розслідування BLAST стосовно команди Astralis?\",\n            \"answer\": \"Це дуже серйозна ситуація, і розслідування може мати великі наслідки для команди. Гравці мають дотримуватися правил, і якщо є порушення, їх потрібно розглядати.\"\n        },\n        {\n            \"question\": \"Як це розслідування вплине на команду Astralis в цілому?\",\n            \"answer\": \"Це може викликати стрес і розлади в команді. Важливо, щоб гравці зосередилися на своїй грі і не дозволили цим новинам вплинути на їхню продуктивність.\"\n        },\n        {\n            \"question\": \"Чи вважаєте ви, що правила в професійному кіберспорті мають бути більш чіткими?\",\n            \"answer\": \"Безумовно. Чіткі правила допоможуть уникнути подібних ситуацій у майбутньому. Команди повинні знати, які саме вимоги існують і які наслідки можуть бути за їх порушення.\"\n        },\n        {\n            \"question\": \"Які можуть бути наслідки для Astralis, якщо порушення будуть підтверджені?\",\n            \"answer\": \"Наслідки можуть бути різними: від штрафів і зняття очок до можливого виключення з турнірів. Це серйозно вплине на репутацію команди.\"\n        },\n        {\n            \"question\": \"Чи може це розслідування змінити вашу думку про команду Astralis?\",\n            \"answer\": \"Це залежить від результатів розслідування. Якщо виявиться, що команда дійсно порушила правила, це змусить переглянути моє ставлення до них. Але якщо все виявиться сфабрикованим, можливо, я залишуся при своїй думці.\"\n        }\n    ]\n}', 0),
(38, 'Девід Бекхем продає GUILD Esports', 'Sport.ua', '2024-10-15 10:00:00', 'published', 3266, 0, 'https://pic.sport.ua/images/news/0/17/150/orig_710102.jpg', '2025-05-28 13:11:29', 'Бекхем завершує своє кіберспортивне підприємництво великим продажем GUILD Esports.', '{\n    \"questions\": [\n        {\n            \"question\": \"Які ваші враження від продажу GUILD Esports Девідом Бекхемом?\",\n            \"answer\": \"Це неочікуваний крок, але зрозумілий з огляду на динаміку ринку. Бекхем зробив багато для популяризації команди, але бізнес може вимагати змін.\"\n        },\n        {\n            \"question\": \"Як це вплине на імідж GUILD Esports?\",\n            \"answer\": \"Залежно від того, хто купує команду, це може або зміцнити їх імідж, або викликати сумніви. Важливо, щоб новий власник поділяв цінності GUILD і мав стратегію для її розвитку.\"\n        },\n        {\n            \"question\": \"Які можуть бути наслідки для гравців GUILD Esports після продажу?\",\n            \"answer\": \"Гравці можуть відчути невизначеність через зміни в керівництві. Якщо новий власник вирішить змінити стратегію, це може вплинути на склад команди.\"\n        },\n        {\n            \"question\": \"Чи є можливість, що новий власник вкладе більше коштів у розвиток GUILD?\",\n            \"answer\": \"Цілком ймовірно. Якщо новий власник має досвід у кіберспорті, він може інвестувати у нові гравці, тренерів або інфраструктуру, що позитивно вплине на команду.\"\n        },\n        {\n            \"question\": \"Які ваші прогнози щодо майбутнього GUILD Esports після продажу?\",\n            \"answer\": \"Все залежить від нової стратегії та бачення власника. Якщо вони зможуть залучити нові таланти і підтримувати команду, GUILD може стати ще більш успішною. Проте, якщо виникнуть проблеми з управлінням, це може стати викликом.\"\n        }\n    ]\n}', 0),
(39, 'Astralis готується до заміни гравця', 'Sport.ua', '2024-10-14 09:30:00', 'published', 203, 0, 'https://pic.sport.ua/images/news/0/17/130/orig_706015.jpg', '2024-10-24 10:08:42', 'Команда Astralis змінює свій склад перед наступними змаганнями, що може змінити хід подій.', '{\n    \"questions\": [\n        {\n            \"question\": \"Що ви думаєте про можливу заміну гравця в команді Astralis?\",\n            \"answer\": \"Це може бути необхідним кроком, якщо команда не показує бажаних результатів. Зміни в складі можуть дати новий імпульс і поліпшити командну динаміку.\"\n        },\n        {\n            \"question\": \"Як це вплине на атмосферу в команді Astralis?\",\n            \"answer\": \"Заміна гравця може викликати як позитивні, так і негативні емоції. Існуючі гравці можуть відчувати стрес через невизначеність, але новий гравець може додати свіжу енергію і мотивацію.\"\n        },\n        {\n            \"question\": \"Які критерії важливі при виборі нового гравця для Astralis?\",\n            \"answer\": \"Команда повинна звернути увагу на ігрові навички, командну хімію та адаптивність до стилю гри Astralis. Також важливо, щоб новий гравець поділяв цінності команди.\"\n        },\n        {\n            \"question\": \"Як можуть вплинути ці зміни на результати команди в наступних турнірах?\",\n            \"answer\": \"Якщо новий гравець швидко адаптується, команда може покращити свої результати. Проте, якщо інтеграція пройде не так гладко, це може призвести до додаткових труднощів.\"\n        },\n        {\n            \"question\": \"Чи є можливість, що заміна гравця стане початком нової ери для Astralis?\",\n            \"answer\": \"Цілком можливо. Якщо команда знайде правильного гравця, це може призвести до відновлення їхньої сили на міжнародній арені і повернення до лідерських позицій.\"\n        }\n    ]\n}\n', 0),
(40, 'NaVi перемагає на IEM Katowice', 'Sport.ua', '2024-10-13 18:00:00', 'published', 1201, 0, 'https://pic.sport.ua/images/news/0/17/145/orig_709188.jpg', '2024-10-24 10:09:02', 'Команда NaVi тріумфує на великому турнірі з CS:GO, продовжуючи свою домінантну серію.', '{\n    \"questions\": [\n        {\n            \"question\": \"Які емоції ви відчуваєте після перемоги NaVi на IEM Katowice?\",\n            \"answer\": \"Це фантастичне досягнення! Команда показала неймовірну гру і величезну майстерність. Перемога на такому престижному турнірі підтверджує їхній статус однієї з найкращих команд світу.\"\n        },\n        {\n            \"question\": \"Які ключові моменти допомогли NaVi досягти успіху на цьому турнірі?\",\n            \"answer\": \"Відмінна командна взаємодія та стратегічні рішення були критично важливими. Кожен гравець вніс свій вклад, а тактика на різних картах була бездоганною.\"\n        },\n        {\n            \"question\": \"Як ви оцінюєте виступ суперників NaVi на IEM Katowice?\",\n            \"answer\": \"Суперники також показали хорошу гру, але NaVi змогли продемонструвати свій найкращий рівень. Важливо визнати зусилля інших команд, адже конкуренція була дуже високою.\"\n        },\n        {\n            \"question\": \"Який вплив матиме ця перемога на майбутнє NaVi?\",\n            \"answer\": \"Ця перемога підвищить впевненість команди і додасть мотивації до подальших змагань. Вона також може залучити нових шанувальників і спонсорів, що допоможе розвитку команди.\"\n        },\n        {\n            \"question\": \"Що, на вашу думку, означає ця перемога для українського кіберспорту?\",\n            \"answer\": \"Це велике досягнення для українського кіберспорту в цілому. NaVi стали символом надії та гордості для багатьох шанувальників, і їхня перемога підкреслює високий рівень таланту в Україні.\"\n        }\n    ]\n}\n', 0),
(41, 'Faker повертається до League of Legends', 'Sport.ua', '2024-10-12 14:00:00', 'published', 982, 0, 'https://players.com.ua/wp-content/uploads/2024/05/Faker-Worlds-2023-edited.webp', '2025-05-28 13:11:31', 'Легендарний гравець Faker знову в грі, чим тішить своїх численних фанатів.', '{\n    \"questions\": [\n        {\n            \"question\": \"Які ваші думки про повернення Faker до League of Legends?\",\n            \"answer\": \"Це неймовірна новина для всіх шанувальників гри! Faker завжди був одним із найкращих гравців, і його повернення може додати нової енергії як для команди, так і для всього турнірного середовища.\"\n        },\n        {\n            \"question\": \"Як повернення Faker вплине на його команду?\",\n            \"answer\": \"Відновлення такого гравця, як Faker, може суттєво підвищити рівень гри команди. Його досвід та лідерські якості можуть допомогти молодшим гравцям адаптуватися і розвиватися.\"\n        },\n        {\n            \"question\": \"Чи вважаєте ви, що Faker зможе знову досягти вершин у професійному кіберспорті?\",\n            \"answer\": \"Цілком ймовірно. Якщо він залишиться в хорошій формі і зможе адаптуватися до нових мета та стратегій, він має всі шанси повернутися на вершину.\"\n        },\n        {\n            \"question\": \"Які виклики можуть виникнути у Faker після повернення?\",\n            \"answer\": \"Основними викликами можуть стати адаптація до зміненого мета гри, конкуренція з новими гравцями та підвищений тиск через очікування шанувальників.\"\n        },\n        {\n            \"question\": \"Що це повернення означає для фанатів League of Legends?\",\n            \"answer\": \"Фанати будуть в захваті! Faker - це ікона, і його повернення обіцяє захоплюючі матчі та нові можливості для великих моментів у грі.\"\n        }\n    ]\n}\n', 0),
(42, 'Офіційний анонс CS:GO 2', 'Sport.ua', '2024-10-11 09:00:00', 'published', 1502, 0, 'https://images.unian.net/photos/2023_09/thumb_files/800_0_1693586569-8756.png?r=309316', '2025-05-28 13:11:34', 'Valve оголошує продовження культової гри — CS:GO 2, що обіцяє бути новим етапом розвитку шутерів.', '{\n    \"questions\": [\n        {\n            \"question\": \"Які ваші враження від офіційного анонсу CS:GO 2?\",\n            \"answer\": \"Це вражаюча новина для всіх шанувальників серії! Після багатьох років очікувань, анонс нової гри обіцяє нові можливості та покращення у геймплейних механіках.\"\n        },\n        {\n            \"question\": \"Які нові функції ви очікуєте побачити в CS:GO 2?\",\n            \"answer\": \"Сподіваюся на покращену графіку, нові карти та можливість інтеграції нових механік, які підвищать динаміку гри. Також було б чудово побачити вдосконалені системи матчмейкінгу та античіт.\"\n        },\n        {\n            \"question\": \"Як ви думаєте, чи вплине це на професійну сцену CS:GO?\",\n            \"answer\": \"Так, це може суттєво змінити професійну сцену. Команди можуть бути змушені адаптувати свої стратегії до нових умов, а це створить цікаву конкуренцію та нові можливості для зростання.\"\n        },\n        {\n            \"question\": \"Які виклики можуть виникнути у гравців після переходу на CS:GO 2?\",\n            \"answer\": \"Гравцям доведеться адаптуватися до нових механік і балансів гри. Це може вимагати часу та зусиль, щоб відновити свою майстерність у новому середовищі.\"\n        },\n        {\n            \"question\": \"Що це означає для спільноти CS:GO?\",\n            \"answer\": \"Анонс CS:GO 2 відкриває нову главу для спільноти. Шанувальники зможуть очікувати нові події, турніри та можливість взаємодії з грою на новому рівні.\"\n        }\n    ]\n}\n', 0),
(43, 'Оголошені дати PUBG Global Championship', 'Sport.ua', '2024-10-10 12:30:00', 'published', 801, 0, 'https://insider-gaming.com/wp-content/uploads/2024/09/pubg-world-championship-1024x536.jpeg', '2024-10-24 10:09:23', 'Дата початку основного турніру PUBG стала відомою, і найкращі команди світу вже готуються до участі.', '{\n    \"questions\": [\n        {\n            \"question\": \"Які ваші враження від оголошення дат PUBG Global Championship?\",\n            \"answer\": \"Це чудова новина для шанувальників PUBG! Дати турніру дозволяють всім гравцям і фанатам спланувати свої графіки, щоб бути готовими до великих моментів у грі.\"\n        },\n        {\n            \"question\": \"Що ви очікуєте від PUBG Global Championship цього року?\",\n            \"answer\": \"Сподіваюся побачити захоплюючі матчі та нові команди, які продемонструють свої вміння. Цей турнір завжди є платформою для найбільш захоплюючих моментів у професійному кіберспорті.\"\n        },\n        {\n            \"question\": \"Які команди ви вважаєте фаворитами на цьому турнірі?\",\n            \"answer\": \"Традиційно, команди, які демонстрували стабільний результат у попередніх чемпіонатах, можуть бути фаворитами. Однак завжди є ймовірність, що нові команди зможуть здивувати всіх.\"\n        },\n        {\n            \"question\": \"Як ви думаєте, чи вплине формат турніру на результати команд?\",\n            \"answer\": \"Так, формат може суттєво вплинути на результати. Різні формати ігрових днів можуть змінити стратегії команд, а це може стати вирішальним фактором у битві за перемогу.\"\n        },\n        {\n            \"question\": \"Що це оголошення означає для спільноти PUBG?\",\n            \"answer\": \"Це оголошення об\'єднує спільноту навколо спільного інтересу до гри. Фанати можуть активно обговорювати свої прогнози та підтримувати улюблені команди під час чемпіонату.\"\n        }\n    ]\n}\n', 0),
(44, 'Визначені півфіналісти LoL Worlds', 'Sport.ua', '2024-10-09 15:00:00', 'published', 1100, 0, 'https://players.com.ua/wp-content/uploads/2023/11/F-uyqLTaIAAOUMy-e1699878799479.jpg.webp', '2024-10-16 17:20:45', 'Найсильніші команди світу готуються до півфіналів на Чемпіонаті світу з League of Legends.', '{\n    \"questions\": [\n        {\n            \"question\": \"Які ваші враження від визначення півфіналістів LoL Worlds?\",\n            \"answer\": \"Це захоплююча новина! Півфінали завжди обіцяють неймовірну гру, і цьогорічні команди продемонстрували чудову майстерність у боротьбі за титул.\"\n        },\n        {\n            \"question\": \"Які команди вас найбільше вразили на цьому етапі турніру?\",\n            \"answer\": \"Деякі команди продемонстрували видатну гру, використовуючи інноваційні стратегії. Це справді вражає, коли команди можуть адаптуватися до умов змагань і вигравати.\"\n        },\n        {\n            \"question\": \"Які ключові фактори допомогли цим командам дійти до півфіналу?\",\n            \"answer\": \"Відмінна командна хімія, стратегічне мислення та вміння адаптуватися до ігрових ситуацій стали визначальними. Також важливо, щоб гравці залишалися спокійними під тиском.\"\n        },\n        {\n            \"question\": \"Які ваші прогнози на півфінали?\",\n            \"answer\": \"Очікую на захоплюючі матчі. Кожна з команд має свої сильні та слабкі сторони, тому буде цікаво побачити, як вони змагатимуться один з одним.\"\n        },\n        {\n            \"question\": \"Як ця стадія турніру вплине на загальне сприйняття гри в кіберспорті?\",\n            \"answer\": \"Півфінали Worlds завжди привертають увагу шанувальників та нових гравців. Це чудова можливість показати, на якому високому рівні можуть відбуватися змагання в League of Legends.\"\n        }\n    ]\n}\n', 0),
(45, 'Рекордний призовий фонд The International з Dota 2', 'Sport.ua', '2024-10-08 11:00:00', 'published', 2000, 0, 'https://encrypted-tbn0.gstatic.com/images?q=tbn:ANd9GcRrdJb1WRjMFZNxd_lfc3JkO02Wzg3_5YkziA&s', '2024-10-16 17:21:17', 'Новий рекордний призовий фонд на The International з Dota 2 залучає увагу всього світу.', '{\n    \"questions\": [\n        {\n            \"question\": \"Які ваші враження від рекордного призового фонду The International цього року?\",\n            \"answer\": \"Це вражаюча новина! Рекордний призовий фонд підкреслює популярність Dota 2 та зростаючу підтримку спільноти. Це не лише демонструє зацікавленість, але й зростаючу професійну сцену.\"\n        },\n        {\n            \"question\": \"Які фактори вплинули на зростання призового фонду?\",\n            \"answer\": \"Основним фактором є активна участь спільноти через краудфандинг, а також продаж Battle Pass, який пропонує гравцям ексклюзивний контент. Це чудовий приклад того, як фанати можуть підтримати свої улюблені команди.\"\n        },\n        {\n            \"question\": \"Який вплив рекордного призового фонду на команди-учасниці?\",\n            \"answer\": \"Високий призовий фонд підвищує мотивацію для команд, адже змагання на такому рівні стають не лише випробуванням на майстерність, а й можливістю отримати значні фінансові нагороди.\"\n        },\n        {\n            \"question\": \"Як ви думаєте, чи вплине це на наступні International?\",\n            \"answer\": \"Цілком ймовірно. Рекордний призовий фонд може залучити більше уваги до наступних International, а також спонукати більше гравців та команд змагатися на високому рівні.\"\n        },\n        {\n            \"question\": \"Що це означає для спільноти Dota 2?\",\n            \"answer\": \"Це чудова новина для спільноти, адже вона свідчить про здоровий розвиток гри. Фінансові вливання дозволять спільноті розвиватися, а також підтримувати нових гравців та команди.\"\n        }\n    ]\n}\n', 0),
(46, 'Результати відборів на Fortnite World Cup', 'Sport.ua', '2024-10-07 17:00:00', 'published', 902, 0, 'https://cdn2.unrealengine.com/Fortnite%2Funtitled-page%2FFN_Competitive_Social_FWC_Announce-1920x1080-ec4306cddd1e003944a63e282359d29b86bb52b6.jpg', '2025-05-28 13:11:33', 'Закінчилися відбори на чемпіонат світу з Fortnite, і найкращі гравці отримали свої місця у фіналі.', '{\n    \"questions\": [\n        {\n            \"question\": \"Які ваші враження від результатів відборів на Fortnite World Cup?\",\n            \"answer\": \"Це було надзвичайно цікаво! Відбори виявили сильну конкуренцію та неймовірні навички гравців. Багато команд продемонстрували свою готовність змагатися на світовій арені.\"\n        },\n        {\n            \"question\": \"Які команди або гравці вразили вас найбільше під час відборів?\",\n            \"answer\": \"Декілька гравців показали вражаючий рівень гри, зокрема тих, хто постійно потрапляв у топ-5. Це свідчить про їхній потенціал досягти успіху на World Cup.\"\n        },\n        {\n            \"question\": \"Які фактори вплинули на успішність команд під час відборів?\",\n            \"answer\": \"Команди, які змогли швидко адаптуватися до зміни мета, показали найкращі результати. Також важливою була командна хімія і стратегічні рішення під час ігор.\"\n        },\n        {\n            \"question\": \"Які очікування у вас від Fortnite World Cup після цих відборів?\",\n            \"answer\": \"Очікую на захоплюючі матчі та непередбачувані результати. Конкуренція обіцяє бути дуже жорсткою, і це створить багато захоплюючих моментів для шанувальників.\"\n        },\n        {\n            \"question\": \"Що ці результати означають для спільноти Fortnite?\",\n            \"answer\": \"Вони свідчать про здорову конкуренцію та зростання інтересу до гри. Це також може заохотити нових гравців долучатися до турнірів і розвивати свої навички.\"\n        }\n    ]\n}\n', 0),
(47, 'Результати турніру Valorant Champions', 'Sport.ua', '2024-10-06 16:00:00', 'published', 701, 0, 'https://i.ytimg.com/vi/VNxvRG0ceUI/maxresdefault.jpg', '2024-11-04 10:29:50', 'Турнір Valorant Champions завершився. Команди продемонстрували неймовірну майстерність.', '{\n    \"questions\": [\n        {\n            \"question\": \"Які ваші враження від результатів турніру Valorant Champions?\",\n            \"answer\": \"Цей турнір був неймовірно захоплюючим! Команди показали високий рівень гри, і фінальні матчі стали справжнім святом для шанувальників Valorant.\"\n        },\n        {\n            \"question\": \"Які команди чи гравці вас найбільше вразили на цьому турнірі?\",\n            \"answer\": \"Безумовно, кілька команд продемонстрували вражаючу командну хімію та індивідуальну майстерність. Декотрі гравці стали справжніми зірками, перевершивши всі очікування.\"\n        },\n        {\n            \"question\": \"Які ключові моменти визначили результати турніру?\",\n            \"answer\": \"Стратегії, адаптивність до суперників та критично важливі рішення в ключових моментах стали вирішальними. Команди, які змогли зберегти спокій під тиском, зазвичай отримували перевагу.\"\n        },\n        {\n            \"question\": \"Які прогнози у вас щодо майбутнього Valorant Champions після цього турніру?\",\n            \"answer\": \"Очікую, що цей турнір підвищить популярність Valorant на міжнародній арені і заохотить більше команд змагатися на високому рівні. Можливо, ми побачимо нових лідерів на наступних чемпіонатах.\"\n        },\n        {\n            \"question\": \"Що ці результати означають для спільноти Valorant?\",\n            \"answer\": \"Це підтверджує зростаючу популярність Valorant як кіберспортивної дисципліни. Спільнота може очікувати нові можливості для змагань, а також ще більше захоплюючих подій у майбутньому.\"\n        }\n    ]\n}\n', 0),
(48, 'Попередній огляд фіналу Overwatch League', 'Sport.ua', '2024-10-05 14:30:00', 'published', 550, 0, 'https://preview.redd.it/guys-dont-worry-theyre-just-waiting-to-release-the-v0-8ined8gb8wrb1.jpg?auto=webp&s=8e2ac73211f03faab426caf7e8e33c1f55e07de6', '2024-10-16 19:18:31', 'Наближаються фінальні матчі Overwatch League, що обіцяють бути захопливими.', '{\n    \"questions\": [\n        {\n            \"question\": \"Які ваші очікування від фіналу Overwatch League?\",\n            \"answer\": \"Фінал обіцяє бути неймовірно захоплюючим! Дві найкращі команди покажуть свій найвищий рівень гри, і це буде справжня битва за титул чемпіона.\"\n        },\n        {\n            \"question\": \"Які команди вийшли у фінал, і що їх сильні сторони?\",\n            \"answer\": \"Обидві команди продемонстрували відмінну гру на всіх етапах турніру. Вони мають сильних гравців та вражаючі стратегії, що можуть виявитися вирішальними у фіналі.\"\n        },\n        {\n            \"question\": \"Які ключові фактори можуть вплинути на результат фіналу?\",\n            \"answer\": \"Командна хімія, адаптивність до ігрових умов та здатність справлятися з тиском - все це стане критично важливим у фіналі. Важливо також, як команди використовують свої героїв і вміння.\"\n        },\n        {\n            \"question\": \"Що означає фінал Overwatch League для спільноти гравців?\",\n            \"answer\": \"Фінал є кульмінацією року для спільноти Overwatch. Це можливість для фанатів підтримати своїх улюбленців і побачити, як їхні команди змагаються на найвищому рівні.\"\n        },\n        {\n            \"question\": \"Які ваші прогнози щодо майбутнього Overwatch League після цього фіналу?\",\n            \"answer\": \"Очікую, що цей фінал підвищить інтерес до ліги та залучить нових гравців. Якщо обидві команди покажуть видовищну гру, це може створити позитивний імпульс для майбутніх сезонів.\"\n        }\n    ]\n}\n', 0),
(49, 'Огляд середини сезону Call of Duty League', 'Sport.ua', '2024-10-04 18:00:00', 'published', 851, 0, 'https://blz-contentstack-images.akamaized.net/v3/assets/bltf408a0557f4e4998/bltd6fa384b60ff3fbd/64cc2fe367e57a3aa2cec653/Jupiter_Coming_Soon-Bnet_Game-Content_UI_(Phoenix)-EN-1920x1080_textless.jpg?imwidth=1920&imdensity=2.625', '2024-10-24 10:37:15', 'Найкращі моменти середини сезону Call of Duty League, що визначають лідерів.', '{\n    \"questions\": [\n        {\n            \"question\": \"Які ваші враження від середини сезону Call of Duty League?\",\n            \"answer\": \"Середина сезону виявилася дуже насиченою! Команди продемонстрували вражаючу гру, а конкуренція між ними стала ще більш напруженою.\"\n        },\n        {\n            \"question\": \"Які команди виділилися у першій половині сезону?\",\n            \"answer\": \"Декілька команд показали стабільні результати та завоювали репутацію лідерів. Їхня гра була вражаючою, і вони стали фаворитами серед фанатів.\"\n        },\n        {\n            \"question\": \"Які основні тенденції ви помітили у грі команд?\",\n            \"answer\": \"Команди стали більше акцентувати увагу на командній взаємодії та стратегії. Адаптивність до ігрових умов також стала ключовим фактором у їхньому успіху.\"\n        },\n        {\n            \"question\": \"Як зміни в меті гри вплинули на результат команд?\",\n            \"answer\": \"Зміни в меті завжди впливають на стратегії команд. Ті, хто швидко адаптується до нових умов, зазвичай досягають кращих результатів.\"\n        },\n        {\n            \"question\": \"Які прогнози у вас на залишок сезону?\",\n            \"answer\": \"Очікую на ще більше захоплюючих матчів та несподіваних результатів. Команди, які зможуть зберегти стабільність та адаптивність, мають шанси на успіх у плей-оф.\"\n        }\n    ]\n}\n', 0),
(50, 'Розклад Apex Legends Global Series', 'Sport.ua', '2024-10-03 13:00:00', 'published', 601, 0, 'https://media.contentapi.ea.com/content/dam/apex-legends/compete/images/2021/07/algs-2-0-featured-image.jpg.adapt.crop16x9.1023w.jpg', '2024-10-30 11:15:20', 'Оголошено дати основних подій ALGS, де змагатимуться найкращі команди.', '{\n    \"questions\": [\n        {\n            \"question\": \"Які ваші враження від оголошення розкладу Apex Legends Global Series?\",\n            \"answer\": \"Це чудова новина для шанувальників! Розклад дає можливість планувати спостереження за іграми та підтримувати свої улюблені команди протягом усього турніру.\"\n        },\n        {\n            \"question\": \"Які етапи турніру ви вважаєте найцікавішими?\",\n            \"answer\": \"Стадії відбору та плей-оф завжди обіцяють бути найзахоплюючими. Вони виявляють справжні здібності команд і можуть бути непередбачуваними.\"\n        },\n        {\n            \"question\": \"Які команди ви сподіваєтеся побачити у турнірі?\",\n            \"answer\": \"Мені цікаво спостерігати за провідними командами з усіх регіонів. Декілька з них мають величезний потенціал, щоб піднятися до верхівки турніру.\"\n        },\n        {\n            \"question\": \"Які ключові моменти можуть вплинути на успіх команд у турнірі?\",\n            \"answer\": \"Командна хімія, стратегічні рішення та адаптація до мети гри стануть визначальними. Гравці, які можуть зберегти спокій під тиском, мають перевагу.\"\n        },\n        {\n            \"question\": \"Що означає цей розклад для спільноти Apex Legends?\",\n            \"answer\": \"Розклад є важливою частиною для спільноти, оскільки він дозволяє фанатам стежити за розвитком подій та активно підтримувати свої улюблені команди.\"\n        }\n    ]\n}\n', 0),
(51, 'Результати турніру Rainbow Six Major', 'Sport.ua', '2024-10-02 15:00:00', 'published', 950, 0, 'https://staticctf.ubisoft.com/J3yJr34U2pZ2Ieem48Dwy9uqj5PNUQTn/3jf0Sw15Oix6a1s65LpkEV/78341a1c84feffc515cafcf1e551b495/B6_MAN_Major_Keyvisual_960x540.jpg', '2024-10-16 17:23:42', 'Результати головних матчів Rainbow Six Major вже відомі.', '{\n    \"questions\": [\n        {\n            \"question\": \"Які ваші враження від результатів турніру Rainbow Six Major?\",\n            \"answer\": \"Цей турнір був вражаючим! Команди показали високу майстерність та непередбачувану гру, що зробило матчі неймовірно цікавими для шанувальників.\"\n        },\n        {\n            \"question\": \"Які команди або гравці вас найбільше вразили на цьому турнірі?\",\n            \"answer\": \"Декілька команд справили на мене велике враження своєю командною хімією і здатністю адаптуватися до умов матчу. Гравці, які проявили себе у критичних моментах, стали справжніми зірками.\"\n        },\n        {\n            \"question\": \"Які ключові моменти визначили результати турніру?\",\n            \"answer\": \"Стратегії, використані командами, були критично важливими. Також варто зазначити індивідуальні виступи гравців, які змогли вирішити матчі в свою користь завдяки вражаючій грі.\"\n        },\n        {\n            \"question\": \"Які прогнози у вас щодо майбутнього Rainbow Six після цього Major?\",\n            \"answer\": \"Очікую, що цей турнір підвищить інтерес до Rainbow Six на міжнародній арені. Багато нових талантів можуть з’явитися на сцені, що зробить наступні турніри ще більш захоплюючими.\"\n        },\n        {\n            \"question\": \"Що ці результати означають для спільноти Rainbow Six?\",\n            \"answer\": \"Це свідчить про зростання популярності гри та підтримки з боку спільноти. Фанати можуть очікувати нових можливостей для змагань та ще більше видовищних матчів у майбутньому.\"\n        }\n    ]\n}\n', 0),
(52, 'Оновлення серії чемпіонату Rocket League', 'Sport.ua', '2024-10-01 11:30:00', 'published', 761, 0, 'https://www.rocketleague.com/images/keyart/rl_evergreen.jpg', '2024-11-03 20:49:37', 'Новини та результати з останнього сезону Rocket League Championship Series.', '{\n    \"questions\": [\n        {\n            \"question\": \"Які основні зміни були оголошені в оновленні серії чемпіонату Rocket League?\",\n            \"answer\": \"Оновлення включає нові правила, зміни в форматі турнірів та цікаві додатки для гравців. Це підвищує конкуренцію та робить матчі ще більш захоплюючими.\"\n        },\n        {\n            \"question\": \"Як ці зміни вплинуть на участь команд у чемпіонаті?\",\n            \"answer\": \"Зміни в правилах можуть вплинути на стратегії команд. Деякі команди можуть адаптуватися швидше, що дозволить їм отримати перевагу у змаганнях.\"\n        },\n        {\n            \"question\": \"Які нові функції будуть доступні для гравців у серії чемпіонату?\",\n            \"answer\": \"Оновлення приносить нові можливості для кастомізації автомобілів, а також покращену систему винагород для учасників. Це підвищує інтерес до участі в чемпіонаті.\"\n        },\n        {\n            \"question\": \"Які ваші прогнози щодо впливу оновлення на майбутні сезони?\",\n            \"answer\": \"Очікую, що це оновлення підвищить рівень конкуренції в серії чемпіонату. Багато команд, які адаптуються до змін, можуть зайняти вищі позиції у таблиці.\"\n        },\n        {\n            \"question\": \"Що це означає для спільноти Rocket League?\",\n            \"answer\": \"Ці зміни свідчать про зростаючу підтримку та розвиток серії чемпіонату. Спільнота може очікувати більше захоплюючих моментів та нових можливостей для змагань.\"\n        }\n    ]\n}\n', 0),
(53, 'Нові члени Зали слави кіберспорту', 'Sport.ua', '2024-09-30 10:00:00', 'published', 681, 0, 'https://encrypted-tbn0.gstatic.com/images?q=tbn:ANd9GcTqL3uN2PLdC1AvbSp4l0tfndV7L7Fqys0ZKg&s', '2024-11-09 10:44:48', 'Нових членів Зали слави кіберспорту офіційно оголошено.', '{\n    \"questions\": [\n        {\n            \"question\": \"Хто нові члени Зали слави кіберспорту у цьому році?\",\n            \"answer\": \"Цього року до Зали слави були введені кілька видатних постатей, які суттєво вплинули на розвиток кіберспорту. Їхні досягнення та внесок у цю галузь заслуговують на визнання.\"\n        },\n        {\n            \"question\": \"Які досягнення відзначають нових членів Зали слави?\",\n            \"answer\": \"Кожен з нових членів має вражаючі успіхи, від численних перемог на світових турнірах до інновацій у стратегічному підході до гри. Це підтверджує їхній величезний вплив на кіберспорт.\"\n        },\n        {\n            \"question\": \"Як введення нових членів вплине на спільноту кіберспорту?\",\n            \"answer\": \"Це надихає нові покоління гравців та фанатів, показуючи, що досягнення в кіберспорті можуть призводити до визнання на міжнародному рівні.\"\n        },\n        {\n            \"question\": \"Які реакції викликало оголошення нових членів Зали слави?\",\n            \"answer\": \"Спільнота відреагувала з захопленням! Багато шанувальників та колег з інших команд висловлюють свої вітання та повагу до нових членів.\"\n        },\n        {\n            \"question\": \"Які ваші прогнози щодо майбутніх введень до Зали слави кіберспорту?\",\n            \"answer\": \"Очікую, що в наступні роки ми побачимо ще більше видатних особистостей, які зроблять значний внесок у розвиток кіберспорту та надихнуть нові покоління гравців.\"\n        }\n    ]\n}\n', 0),
(54, 'Огляд турніру Street Fighter V', 'Sport.ua', '2024-09-29 17:00:00', 'published', 501, 0, 'https://shared.akamai.steamstatic.com/store_item_assets/steam/apps/807290/ss_b85febde8d0c14be489a9b0d1544c9be372f0c70.1920x1080.jpg?t=1708064701', '2024-10-24 10:37:26', 'Основні моменти та результати турніру з Street Fighter V.', '{\n    \"questions\": [\n        {\n            \"question\": \"Які ваші враження від турніру Street Fighter V?\",\n            \"answer\": \"Турнір був неймовірно захоплюючим! Гравці продемонстрували високий рівень майстерності та стратегії, що зробило матчі дуже видовищними для шанувальників.\"\n        },\n        {\n            \"question\": \"Які гравці вас найбільше вразили на цьому турнірі?\",\n            \"answer\": \"Декілька гравців показали вражаючі комбінації та чудову реакцію. Їхня здатність адаптуватися до стилю суперників справила на мене велике враження.\"\n        },\n        {\n            \"question\": \"Які ключові моменти визначили результат турніру?\",\n            \"answer\": \"Стратегії, що використовувалися гравцями, та їхня здатність реагувати на зміни в матчах стали критично важливими. Моменти, коли гравці виходили з найскладніших ситуацій, справді вражали.\"\n        },\n        {\n            \"question\": \"Які ваші прогнози щодо майбутнього Street Fighter V після цього турніру?\",\n            \"answer\": \"Очікую, що цей турнір підвищить популярність гри та залучить нових гравців. З кожним новим сезоном ми бачимо зростання інтересу до Street Fighter V.\"\n        },\n        {\n            \"question\": \"Що ці результати означають для спільноти Street Fighter?\",\n            \"answer\": \"Це підтверджує, що Street Fighter V залишається одним із провідних файтингів у світі. Спільнота може очікувати нових можливостей для змагань та подальшого розвитку.\"\n        }\n    ]\n}\n', 0),
(55, 'Завершення сезону Hearthstone Grandmasters', 'Sport.ua', '2024-09-28 13:00:00', 'published', 821, 0, 'https://encrypted-tbn0.gstatic.com/images?q=tbn:ANd9GcSYpeOSc99wUgOzkUC4Ug2FdyzKh--q1RWs5Q&s', '2024-11-03 19:38:17', 'Фінал сезону Hearthstone Grandmasters, підсумки і переможці.', '{\n    \"questions\": [\n        {\n            \"question\": \"Які ваші враження від завершення сезону Hearthstone Grandmasters?\",\n            \"answer\": \"Завершення сезону було неймовірно емоційним! Гравці продемонстрували вражаючі навички, а фінальні матчі стали справжнім святом для шанувальників.\"\n        },\n        {\n            \"question\": \"Які гравці виділилися протягом сезону?\",\n            \"answer\": \"Декілька гравців справили враження своєю стабільною грою і стратегічним підходом. Вони зуміли піднятися на верхні позиції таблиці і заробити визнання в спільноті.\"\n        },\n        {\n            \"question\": \"Які ключові моменти визначили результати сезону?\",\n            \"answer\": \"Зміни в меті гри та адаптація до нових карт стали вирішальними факторами. Гравці, які могли швидко реагувати на зміни, показали кращі результати.\"\n        },\n        {\n            \"question\": \"Які ваші прогнози щодо майбутнього Hearthstone Grandmasters після цього сезону?\",\n            \"answer\": \"Очікую, що наступний сезон принесе нові стратегії та цікаві результати. Зростаюча популярність гри залучить нових талантів, які піднімуть рівень змагань.\"\n        },\n        {\n            \"question\": \"Що завершення сезону означає для спільноти Hearthstone?\",\n            \"answer\": \"Це свідчить про стабільність та розвиток Hearthstone як змагальної гри. Спільнота може очікувати ще більше цікавих моментів та змагань у майбутньому.\"\n        }\n    ]\n}\n', 0),
(56, 'Початок Warzone World Series', 'Sport.ua', '2024-09-27 19:00:00', 'published', 711, 0, 'https://i.ytimg.com/vi/liIcSYgVo2Q/maxresdefault.jpg', '2024-11-03 21:00:39', 'Розпочався турнір Warzone World Series, де зустрінуться найкращі гравці.', '{\n    \"questions\": [\n        {\n            \"question\": \"Які ваші враження від початку Warzone World Series?\",\n            \"answer\": \"Початок Warzone World Series став справжнім святом для фанатів! Гравці з різних регіонів зібралися, щоб продемонструвати свої навички на міжнародній арені.\"\n        },\n        {\n            \"question\": \"Які команди або гравці виділилися в перші дні турніру?\",\n            \"answer\": \"Декілька команд зуміли вразити всіх своєю стратегією і командною роботою. Особливо цікаво було спостерігати за тим, як вони адаптуються до умов гри.\"\n        },\n        {\n            \"question\": \"Які ключові елементи турніру ви вважаєте найбільш важливими?\",\n            \"answer\": \"Стратегічне планування та взаємодія між гравцями стали вирішальними факторами. Гравці, які можуть ефективно комунікувати та координувати свої дії, мають більші шанси на успіх.\"\n        },\n        {\n            \"question\": \"Які ваші прогнози щодо розвитку подій у Warzone World Series?\",\n            \"answer\": \"Очікую, що змагання стануть ще більш напруженими, оскільки команди почнуть адаптувати свої стратегії. Це може призвести до несподіваних результатів і захоплюючих моментів.\"\n        },\n        {\n            \"question\": \"Що початок Warzone World Series означає для спільноти Call of Duty?\",\n            \"answer\": \"Це підкреслює зростаючий інтерес до змагань у Warzone. Спільнота може очікувати більше подій та можливостей для участі у великій кіберспортивній арені.\"\n        }\n    ]\n}\n', 0);

-- --------------------------------------------------------

--
-- Table structure for table `notifications`
--

CREATE TABLE `notifications` (
  `id` int(11) NOT NULL,
  `user_id` int(11) DEFAULT NULL,
  `stake_id` int(11) DEFAULT NULL,
  `content` text NOT NULL,
  `type` enum('info','win','lost') DEFAULT 'info',
  `created_at` datetime DEFAULT current_timestamp()
) ENGINE=InnoDB DEFAULT CHARSET=utf8mb4 COLLATE=utf8mb4_unicode_ci;

--
-- Dumping data for table `notifications`
--

INSERT INTO `notifications` (`id`, `user_id`, `stake_id`, `content`, `type`, `created_at`) VALUES
(13, 64, 28, 'Вітаємо! Ви виграли 184.5000₴ у ставці на команду Virtus.pro', 'win', '2024-10-24 20:25:21'),
(14, 64, 29, 'Вітаємо! Ви виграли 184.5000₴ у ставці на команду London Royal Ravens', 'win', '2024-10-24 20:27:32'),
(15, 66, 33, 'Вітаємо! Ви виграли 155.0000₴ у ставці на команду Team Liquid', 'win', '2024-10-26 12:59:18'),
(48, 66, 34, 'Вітаємо! Ви виграли 17.5000₴ у ставці на команду Ninjas in Pyjamas', 'win', '2024-11-09 13:07:07'),
(49, 66, 38, 'Вітаємо! Ви виграли 56.1000₴ у ставці на команду Toronto Ultra', 'win', '2024-11-09 13:09:15'),
(50, 66, 39, 'Вітаємо! Ви виграли 351.4500₴ у ставці на команду Toronto Ultra', 'win', '2024-11-09 13:09:15'),
(51, 66, 40, 'Вітаємо! Ви виграли 4.9500₴ у ставці на команду Toronto Ultra', 'win', '2024-11-09 13:09:15'),
(52, 66, 41, 'Вітаємо! Ви виграли 202.9500₴ у ставці на команду Toronto Ultra', 'win', '2024-11-09 13:09:15'),
(53, 66, 42, 'Вітаємо! Ви виграли 202.9500₴ у ставці на команду Toronto Ultra', 'win', '2024-11-09 13:09:15'),
(54, 66, 43, 'Вітаємо! Ви виграли 36.3000₴ у ставці на команду Toronto Ultra', 'win', '2024-11-09 13:09:15'),
(55, 66, 44, 'Вітаємо! Ви виграли 397.6500₴ у ставці на команду Toronto Ultra', 'win', '2024-11-09 13:09:15'),
(56, 66, 45, 'Вітаємо! Ви виграли 386.1000₴ у ставці на команду Toronto Ultra', 'win', '2024-11-09 13:09:15'),
(57, 66, 46, 'Вітаємо! Ви виграли 351.4500₴ у ставці на команду Toronto Ultra', 'win', '2024-11-09 13:09:15');

-- --------------------------------------------------------

--
-- Table structure for table `skills`
--

CREATE TABLE `skills` (
  `id` int(11) NOT NULL,
  `name` varchar(100) NOT NULL,
  `category` enum('Development','Design','Marketing','Copywriting','Other') DEFAULT 'Other'
) ENGINE=InnoDB DEFAULT CHARSET=utf8mb4 COLLATE=utf8mb4_unicode_ci;

--
-- Dumping data for table `skills`
--

INSERT INTO `skills` (`id`, `name`, `category`) VALUES
(1, 'Figma', 'Design'),
(2, 'Adobe XD', 'Design'),
(3, 'Sketch', 'Design'),
(4, 'Photoshop', 'Design'),
(5, 'Illustrator', 'Design'),
(6, 'React', 'Development'),
(7, 'Node.js', 'Development'),
(8, 'TypeScript', 'Development'),
(9, 'Express', 'Development'),
(10, 'MongoDB', 'Development'),
(11, 'HTML', 'Development'),
(12, 'CSS', 'Development'),
(13, 'JavaScript', 'Development'),
(14, 'SEO', 'Marketing'),
(15, 'Google Ads', 'Marketing'),
(16, 'Facebook Ads', 'Marketing'),
(17, 'Content Marketing', 'Marketing'),
(18, 'Analytics', 'Marketing'),
(19, 'Copywriting', 'Copywriting'),
(20, 'Technical Writing', 'Copywriting'),
(21, 'Creative Writing', 'Copywriting'),
(22, 'Project Management', 'Other'),
(23, 'Customer Support', 'Other'),
(24, 'QA Testing', 'Other'),
(25, 'Python', 'Development'),
(26, 'Django', 'Development'),
(27, 'Flask', 'Development'),
(28, 'Java', 'Development'),
(29, 'Spring', 'Development'),
(30, 'C#', 'Development'),
(31, '.NET', 'Development'),
(32, 'PHP', 'Development'),
(33, 'Laravel', 'Development'),
(34, 'C++', 'Development'),
(35, 'Swift', 'Development'),
(36, 'Kotlin', 'Development'),
(37, 'Android', 'Development'),
(38, 'iOS', 'Development'),
(39, 'Vue.js', 'Development'),
(40, 'Angular', 'Development'),
(41, 'SASS', 'Development'),
(42, 'REST API', 'Development'),
(43, 'GraphQL', 'Development'),
(44, 'InDesign', 'Design'),
(45, 'After Effects', 'Design'),
(46, 'Premiere Pro', 'Design'),
(47, 'Cinema 4D', 'Design'),
(48, 'Blender', 'Design'),
(49, 'UX Research', 'Design'),
(50, 'UI Design', 'Design'),
(51, 'Wireframing', 'Design'),
(52, 'Prototyping', 'Design'),
(53, 'Email Marketing', 'Marketing'),
(54, 'SMM', 'Marketing'),
(55, 'Brand Strategy', 'Marketing'),
(56, 'Market Research', 'Marketing'),
(57, 'Affiliate Marketing', 'Marketing'),
(58, 'PR', 'Marketing'),
(59, 'Blog Writing', 'Copywriting'),
(60, 'Editing', 'Copywriting'),
(61, 'Proofreading', 'Copywriting'),
(62, 'Scriptwriting', 'Copywriting'),
(63, 'Ad Copy', 'Copywriting'),
(64, 'Agile', 'Other'),
(65, 'Scrum', 'Other'),
(66, 'Business Analysis', 'Other'),
(67, 'Data Entry', 'Other'),
(68, 'Transcription', 'Other'),
(69, 'Virtual Assistant', 'Other');

-- --------------------------------------------------------

--
-- Table structure for table `support`
--

CREATE TABLE `support` (
  `id` int(11) NOT NULL,
  `title` varchar(255) NOT NULL,
  `content` text DEFAULT NULL,
  `author_id` int(11) DEFAULT NULL,
  `request_type` enum('bug','feedback','feature_request','information_request') NOT NULL,
  `created_at` datetime DEFAULT current_timestamp()
) ENGINE=InnoDB DEFAULT CHARSET=utf8mb4 COLLATE=utf8mb4_unicode_ci;

--
-- Dumping data for table `support`
--

INSERT INTO `support` (`id`, `title`, `content`, `author_id`, `request_type`, `created_at`) VALUES
(1, 'не працює сайт ', 'фівдоідфлводлфіовдлофідводфіовдфіовдлофідлволдфіовдлофідлвофдлів', 61, 'bug', '2024-11-10 20:52:13'),
(2, ' 12343', ' sadfs', 66, 'bug', '2024-11-10 22:26:05'),
(3, ' 12344', ' asdfsad', 66, 'bug', '2024-11-10 22:26:17'),
(4, ' 1234', ' asdf', 66, 'bug', '2024-11-10 22:27:14'),
(5, ' dsadf', ' 1234', 66, 'bug', '2024-11-10 22:27:34'),
(6, ' 1234', ' sadf', 66, 'bug', '2024-11-10 22:28:14'),
(7, ' 2134', ' asdfdsdfsad', 66, 'bug', '2024-11-10 22:31:45'),
(8, ' 2134', ' sadf', 66, 'feature_request', '2024-11-10 22:31:51'),
(9, ' asdfasd', ' sjadljlkdsa', 66, 'feedback', '2024-11-10 22:32:13'),
(10, ' asdf', ' asd23', 66, 'feedback', '2024-11-10 22:35:06'),
(11, ' 1232', 'ASDFD ', 66, 'bug', '2024-11-10 23:18:56');

-- --------------------------------------------------------

--
-- Table structure for table `users`
--

CREATE TABLE `users` (
  `id` int(11) NOT NULL,
  `bonus_money` int(11) NOT NULL DEFAULT 100,
  `email` varchar(255) NOT NULL,
  `password` varchar(255) NOT NULL,
  `first_name` varchar(100) DEFAULT NULL,
  `last_name` varchar(100) DEFAULT NULL,
  `created_at` date DEFAULT curdate(),
  `gender` enum('Чоловіча','Жіноча','Інша') DEFAULT NULL,
  `phone_number` varchar(20) DEFAULT NULL,
  `country` varchar(50) DEFAULT NULL,
  `date_of_birth` date DEFAULT NULL,
  `googleId` varchar(50) DEFAULT NULL,
  `picture` varchar(255) DEFAULT '/img/User-Default.svg',
  `role` enum('admin','user','support','developer') DEFAULT 'user'
) ENGINE=InnoDB DEFAULT CHARSET=utf8mb4 COLLATE=utf8mb4_general_ci;

--
-- Dumping data for table `users`
--

INSERT INTO `users` (`id`, `bonus_money`, `email`, `password`, `first_name`, `last_name`, `created_at`, `gender`, `phone_number`, `country`, `date_of_birth`, `googleId`, `picture`, `role`) VALUES
(61, 100, 'vasyl.falovskyi.19@pnu.edu.ua', '$2a$04$5s.6/cJdE.L1MXbXy/FJ4.BGNTxKQjUQg7Y.epSfUieHmdPGMS42W', 'Василь', 'Фальовський', '2024-10-21', NULL, NULL, NULL, NULL, '110477461198784838557', '/uploads/110477461198784838557.jpg', 'admin'),
(64, 28, 'vasya.falyovskij@gmail.com', '$2a$04$tfrdUnez/GY9wGD9xdZX.OtgIas710bIu9Ievkve7ViVGtp2ldTAS', 'Василь', 'Фальовський', '2024-10-21', 'Чоловіча', '+380956555110', 'United States', '2000-01-12', '117198055959106867405', '/uploads/117198055959106867405.jpg', 'admin'),
(66, 1007, 'ron.bartonzzz@gmail.com', '$2a$04$iceiVZUFFwykVQc80RYLGO9mZiQkZSae1yHEkb.FGKtNwyhdMtdm.', 'Васильdsa', 'Фальовський', '2024-10-22', 'Чоловіча', '0956555110', 'Ukraine', '2004-01-12', '107720322142409920200', '/uploads/107720322142409920200.jpg', 'developer'),
(67, 100, 'requiemforwasted@gmail.com', '$2a$04$0629cXioUXRcLRRLkGJh7usR5TYVqm1K35UChogQar1Odc7twP3Pa', 'wasted', NULL, '2024-10-23', NULL, NULL, NULL, NULL, '117394367964832870351', '/uploads/117394367964832870351.jpg', 'admin'),
(68, 100, 'voronych.nestor@gmail.com', '$2a$07$gK0p.0rUTIP5mCT960.SM.v2ZmvdQAHiP4VS8DybcopS8OhpQNzbK', 'Nestor', 'Voronych', '2024-10-23', NULL, NULL, NULL, NULL, NULL, '/img/User-Default.svg', 'admin'),
(69, 100, 'asdgjg@gmail.com', '$2a$07$Caw0z9GUS.ZocSxrkBrt/.dQ765AgN49y7zmRWa3hSVc7paiL9WBG', 'Василь', 'Фальовський', '2025-04-30', NULL, NULL, NULL, NULL, NULL, '/img/User-Default.svg', 'user');

-- --------------------------------------------------------

--
-- Table structure for table `user_likes_dislikes`
--

CREATE TABLE `user_likes_dislikes` (
  `id` int(11) NOT NULL,
  `user_id` int(11) NOT NULL,
  `comment_id` int(11) NOT NULL,
  `action` enum('like','dislike') NOT NULL,
  `created_at` timestamp NOT NULL DEFAULT current_timestamp()
) ENGINE=InnoDB DEFAULT CHARSET=utf8mb4 COLLATE=utf8mb4_unicode_ci;

-- --------------------------------------------------------

--
-- Table structure for table `user_views`
--

CREATE TABLE `user_views` (
  `id` int(11) NOT NULL,
  `user_id` int(11) NOT NULL,
  `news_id` int(11) NOT NULL,
  `created_at` timestamp NOT NULL DEFAULT current_timestamp()
) ENGINE=InnoDB DEFAULT CHARSET=utf8mb4 COLLATE=utf8mb4_unicode_ci;

--
-- Dumping data for table `user_views`
--

INSERT INTO `user_views` (`id`, `user_id`, `news_id`, `created_at`) VALUES
(20, 66, 37, '2025-05-28 13:11:19'),
(21, 66, 38, '2025-05-28 13:11:29'),
(22, 66, 41, '2025-05-28 13:11:31'),
(23, 66, 46, '2025-05-28 13:11:33'),
(24, 66, 42, '2025-05-28 13:11:34');

--
-- Indexes for dumped tables
--

--
-- Indexes for table `comments`
--
ALTER TABLE `comments`
  ADD PRIMARY KEY (`id`),
  ADD KEY `news_id` (`news_id`),
  ADD KEY `match_id` (`match_id`),
  ADD KEY `fk_user_id` (`user_id`);

--
-- Indexes for table `freelancers`
--
ALTER TABLE `freelancers`
  ADD PRIMARY KEY (`id`),
  ADD KEY `user_id` (`user_id`);

--
-- Indexes for table `freelancer_reviews`
--
ALTER TABLE `freelancer_reviews`
  ADD PRIMARY KEY (`id`),
  ADD KEY `freelancer_id` (`freelancer_id`),
  ADD KEY `client_id` (`client_id`);

--
-- Indexes for table `freelancer_skills`
--
ALTER TABLE `freelancer_skills`
  ADD PRIMARY KEY (`freelancer_id`,`skill_id`),
  ADD KEY `skill_id` (`skill_id`);

--
-- Indexes for table `news`
--
ALTER TABLE `news`
  ADD PRIMARY KEY (`id`);

--
-- Indexes for table `notifications`
--
ALTER TABLE `notifications`
  ADD PRIMARY KEY (`id`),
  ADD KEY `user_id` (`user_id`),
  ADD KEY `fk_stake` (`stake_id`);

--
-- Indexes for table `skills`
--
ALTER TABLE `skills`
  ADD PRIMARY KEY (`id`),
  ADD UNIQUE KEY `name` (`name`);

--
-- Indexes for table `support`
--
ALTER TABLE `support`
  ADD PRIMARY KEY (`id`),
  ADD KEY `author_id` (`author_id`);

--
-- Indexes for table `users`
--
ALTER TABLE `users`
  ADD PRIMARY KEY (`id`),
  ADD UNIQUE KEY `email` (`email`);

--
-- Indexes for table `user_likes_dislikes`
--
ALTER TABLE `user_likes_dislikes`
  ADD PRIMARY KEY (`id`),
  ADD UNIQUE KEY `unique_like_dislike` (`user_id`,`comment_id`),
  ADD KEY `user_likes_dislikes_ibfk_2` (`comment_id`);

--
-- Indexes for table `user_views`
--
ALTER TABLE `user_views`
  ADD PRIMARY KEY (`id`),
  ADD KEY `user_id` (`user_id`),
  ADD KEY `news_id` (`news_id`);

--
-- AUTO_INCREMENT for dumped tables
--

--
-- AUTO_INCREMENT for table `comments`
--
ALTER TABLE `comments`
  MODIFY `id` int(11) NOT NULL AUTO_INCREMENT, AUTO_INCREMENT=387;

--
-- AUTO_INCREMENT for table `freelancers`
--
ALTER TABLE `freelancers`
  MODIFY `id` int(11) NOT NULL AUTO_INCREMENT, AUTO_INCREMENT=4;

--
-- AUTO_INCREMENT for table `freelancer_reviews`
--
ALTER TABLE `freelancer_reviews`
  MODIFY `id` int(11) NOT NULL AUTO_INCREMENT;

--
-- AUTO_INCREMENT for table `news`
--
ALTER TABLE `news`
  MODIFY `id` int(11) NOT NULL AUTO_INCREMENT, AUTO_INCREMENT=57;

--
-- AUTO_INCREMENT for table `notifications`
--
ALTER TABLE `notifications`
  MODIFY `id` int(11) NOT NULL AUTO_INCREMENT, AUTO_INCREMENT=58;

--
-- AUTO_INCREMENT for table `skills`
--
ALTER TABLE `skills`
  MODIFY `id` int(11) NOT NULL AUTO_INCREMENT, AUTO_INCREMENT=70;

--
-- AUTO_INCREMENT for table `support`
--
ALTER TABLE `support`
  MODIFY `id` int(11) NOT NULL AUTO_INCREMENT, AUTO_INCREMENT=12;

--
-- AUTO_INCREMENT for table `users`
--
ALTER TABLE `users`
  MODIFY `id` int(11) NOT NULL AUTO_INCREMENT, AUTO_INCREMENT=70;

--
-- AUTO_INCREMENT for table `user_likes_dislikes`
--
ALTER TABLE `user_likes_dislikes`
  MODIFY `id` int(11) NOT NULL AUTO_INCREMENT, AUTO_INCREMENT=1076;

--
-- AUTO_INCREMENT for table `user_views`
--
ALTER TABLE `user_views`
  MODIFY `id` int(11) NOT NULL AUTO_INCREMENT, AUTO_INCREMENT=25;

--
-- Constraints for dumped tables
--

--
-- Constraints for table `comments`
--
ALTER TABLE `comments`
  ADD CONSTRAINT `comments_ibfk_1` FOREIGN KEY (`news_id`) REFERENCES `news` (`id`) ON DELETE CASCADE,
  ADD CONSTRAINT `fk_user_id` FOREIGN KEY (`user_id`) REFERENCES `users` (`id`);

--
-- Constraints for table `freelancers`
--
ALTER TABLE `freelancers`
  ADD CONSTRAINT `freelancers_ibfk_1` FOREIGN KEY (`user_id`) REFERENCES `users` (`id`) ON DELETE CASCADE;

--
-- Constraints for table `freelancer_reviews`
--
ALTER TABLE `freelancer_reviews`
  ADD CONSTRAINT `freelancer_reviews_ibfk_1` FOREIGN KEY (`freelancer_id`) REFERENCES `freelancers` (`id`) ON DELETE CASCADE,
  ADD CONSTRAINT `freelancer_reviews_ibfk_2` FOREIGN KEY (`client_id`) REFERENCES `users` (`id`) ON DELETE CASCADE;

--
-- Constraints for table `freelancer_skills`
--
ALTER TABLE `freelancer_skills`
  ADD CONSTRAINT `freelancer_skills_ibfk_1` FOREIGN KEY (`freelancer_id`) REFERENCES `freelancers` (`id`) ON DELETE CASCADE,
  ADD CONSTRAINT `freelancer_skills_ibfk_2` FOREIGN KEY (`skill_id`) REFERENCES `skills` (`id`) ON DELETE CASCADE;

--
-- Constraints for table `notifications`
--
ALTER TABLE `notifications`
  ADD CONSTRAINT `fk_stake` FOREIGN KEY (`stake_id`) REFERENCES `stake` (`id`) ON DELETE CASCADE,
  ADD CONSTRAINT `notifications_ibfk_1` FOREIGN KEY (`user_id`) REFERENCES `users` (`id`) ON DELETE CASCADE ON UPDATE CASCADE;

--
-- Constraints for table `support`
--
ALTER TABLE `support`
  ADD CONSTRAINT `support_ibfk_1` FOREIGN KEY (`author_id`) REFERENCES `users` (`id`);

--
-- Constraints for table `user_likes_dislikes`
--
ALTER TABLE `user_likes_dislikes`
  ADD CONSTRAINT `user_likes_dislikes_ibfk_2` FOREIGN KEY (`comment_id`) REFERENCES `comments` (`id`) ON DELETE CASCADE;

--
-- Constraints for table `user_views`
--
ALTER TABLE `user_views`
  ADD CONSTRAINT `user_views_ibfk_1` FOREIGN KEY (`user_id`) REFERENCES `Users` (`id`) ON DELETE CASCADE,
  ADD CONSTRAINT `user_views_ibfk_2` FOREIGN KEY (`news_id`) REFERENCES `News` (`id`) ON DELETE CASCADE;
COMMIT;

/*!40101 SET CHARACTER_SET_CLIENT=@OLD_CHARACTER_SET_CLIENT */;
/*!40101 SET CHARACTER_SET_RESULTS=@OLD_CHARACTER_SET_RESULTS */;
/*!40101 SET COLLATION_CONNECTION=@OLD_COLLATION_CONNECTION */;
